arr,block,time
1000,128,0.028960
1000,256,0.026464
1000,512,0.020608
1000,1024,0.026336
10000,128,0.028096
10000,256,0.022880
10000,512,0.031488
10000,1024,0.018432
100000,128,0.020896
100000,256,0.027072
100000,512,0.033312
100000,1024,0.029600
1000000,128,0.038784
1000000,256,0.039968
1000000,512,0.038080
1000000,1024,0.043520
33554432,128,0.741312
33554432,256,0.742848
33554432,512,0.743808
33554432,1024,0.740256
67108864,128,1.573728
67108864,256,1.462848
67108864,512,1.472288
67108864,1024,1.463360
134217728,128,2.908288
134217728,256,2.915008
134217728,512,2.911744
134217728,1024,2.920640
268435450,128,5.796096
268435450,256,5.805664
268435450,512,5.794848
268435450,1024,5.864128
